,lon,lat,field,inv,res,res
0,102.26,28.735,-24.868205,-11.008396684236725,-13.859808315763274,-13.859808315763274
1,102.18,28.445999999999998,-16.306888,-12.203963323833708,-4.1029246761662925,-4.1029246761662925
2,102.178,28.256999999999998,-14.865870000000001,-12.483996580214512,-2.3818734197854887,-2.3818734197854887
3,102.186,28.144000000000002,-32.07227,-12.941960297493775,-19.130309702506228,-19.130309702506228
4,102.324,27.32,-19.37181,-26.417487260701485,7.045677260701485,7.045677260701485
5,102.28399999999999,27.194000000000003,-38.086490999999995,-27.976333876293737,-10.110157123706259,-10.110157123706259
6,102.25200000000001,27.105,-39.053946,-28.989547613667284,-10.06439838633272,-10.06439838633272
7,102.245,26.651,-37.806671,-33.3110843173142,-4.495586682685804,-4.495586682685804
8,102.44,26.561999999999998,-40.881483,-33.046319935770725,-7.8351630642292776,-7.8351630642292776
9,102.602,26.658,-42.296969,-32.71706819956733,-9.579900800432668,-9.579900800432668
10,102.626,26.704,-23.588335,-32.58052880429186,8.992193804291858,8.992193804291858
11,102.727,26.793000000000003,-28.919503000000002,-31.551578458552818,2.6320754585528157,2.6320754585528157
12,102.846,26.941999999999997,-47.972838,-27.812635671696313,-20.16020232830369,-20.16020232830369
13,102.87700000000001,26.965,-46.62559,-26.457775354205115,-20.167814645794888,-20.167814645794888
14,102.51700000000001,27.441999999999997,-21.776864,-20.742369907626326,-1.0344940923736736,-1.0344940923736736
15,102.456,27.533,-24.638827,-17.721849000533613,-6.916977999466386,-6.916977999466386
16,102.428,27.625,-21.15985,-15.362641312140758,-5.797208687859241,-5.797208687859241
17,101.834,30.041999999999998,28.130098999999998,14.319781595398126,13.810317404601872,13.810317404601872
18,101.77,30.069000000000003,8.493641,15.867681673556307,-7.374040673556307,-7.374040673556307
19,101.61,30.076,-3.053512,16.514939009992208,-19.56845100999221,-19.56845100999221
20,101.54,30.034000000000002,-3.507537,14.660346133641607,-18.167883133641606,-18.167883133641606
21,102.361,29.239,-34.618541,-4.782127113931487,-29.836413886068513,-29.836413886068513
22,101.505,29.136999999999997,-22.130473000000002,-9.294493000737713,-12.835979999262289,-12.835979999262289
23,101.50399999999999,29.005,-27.175635999999997,-11.082998935189762,-16.092637064810233,-16.092637064810233
24,101.53,30.289,29.572476,20.769050973653727,8.803425026346275,8.803425026346275
25,101.179,30.941,19.601485999999998,29.543250438218557,-9.94176443821856,-9.94176443821856
26,100.729,31.337,38.774052000000005,31.84500953536564,6.929042464634364,6.929042464634364
27,103.881,30.813000000000002,7.626022,5.556738669610934,2.069283330389066,2.069283330389066
28,103.59100000000001,30.976999999999997,3.064852,5.2764259429565055,-2.2115739429565053,-2.2115739429565053
29,103.48,31.098000000000003,16.243514,5.255230585386793,10.988283414613207,10.988283414613207
30,103.475,31.326,-9.722564,3.824037714402138,-13.546601714402138,-13.546601714402138
31,103.56700000000001,31.46,-4.238139,0.4003385872877874,-4.638477587287788,-4.638477587287788
32,103.789,31.629,-24.237125,-4.9120705290405375,-19.32505447095946,-19.32505447095946
33,104.09899999999999,31.779,-20.478304,-4.809567802565919,-15.668736197434082,-15.668736197434082
34,104.294,31.863000000000003,-5.026841,-4.091028834201329,-0.9358121657986711,-0.9358121657986711
35,104.50299999999999,31.86,4.043322,-2.8618311317971403,6.905153131797141,6.905153131797141
36,104.685,31.679000000000002,-1.0585440000000002,-1.5368753525458687,0.47833135254586856,0.47833135254586856
37,104.726,31.44,-7.030061999999999,1.4169909163036027,-8.447052916303601,-8.447052916303601
38,104.443,31.283,16.912423,2.2419658108795604,14.670457189120441,14.670457189120441
39,104.524,31.151999999999997,20.220948999999997,2.979379894707327,17.24156910529267,17.24156910529267
40,104.198,30.883000000000003,16.482142,4.740987454598018,11.741154545401981,11.741154545401981
41,103.88600000000001,30.444000000000003,-0.126883,6.9888302194459175,-7.115713219445918,-7.115713219445918
42,103.478,30.415,7.146278999999999,11.400274792086728,-4.253995792086729,-4.253995792086729
43,103.215,30.146,9.149964,15.802616842231263,-6.652652842231262,-6.652652842231262
44,103.01100000000001,29.980999999999998,25.919151,18.4453439528221,7.4738070471779,7.4738070471779
45,102.90799999999999,30.090999999999998,20.507732,18.20268273208943,2.3050492679105723,2.3050492679105723
46,102.91799999999999,30.156999999999996,16.63273,17.931623914103284,-1.2988939141032851,-1.2988939141032851
47,102.78299999999999,30.335,20.116112,17.66048336307399,2.4556286369260114,2.4556286369260114
48,102.883,30.471999999999998,13.682673999999999,15.804508878487418,-2.1218348784874195,-2.1218348784874195
49,102.758,30.663,-3.128884,13.289439262091566,-16.418323262091565,-16.418323262091565
50,102.637,30.965999999999998,-4.341667,11.473619968870814,-15.815286968870815,-15.815286968870815
51,102.406,31.019000000000002,7.531382000000001,11.905788550172783,-4.3744065501727825,-4.3744065501727825
52,102.479,31.287,16.456838,9.486562720210731,6.97027527978927,6.97027527978927
53,102.48899999999999,31.485,-2.0207509999999997,7.515138277079808,-9.535889277079807,-9.535889277079807
54,102.324,31.660999999999998,13.335975,5.777936701238499,7.558038298761501,7.558038298761501
55,102.288,31.865,-13.254855,4.608851382767677,-17.863706382767674,-17.863706382767674
56,102.62899999999999,31.865,3.7654589999999994,4.304097354172306,-0.5386383541723068,-0.5386383541723068
57,102.78,31.663,20.331856,5.189687641607167,15.142168358392832,15.142168358392832
58,102.90700000000001,31.531999999999996,-4.671551999999999,5.880560332797442,-10.552112332797442,-10.552112332797442
59,103.09100000000001,31.4,14.767116,6.5049162503821165,8.262199749617883,8.262199749617883
60,103.337,31.570999999999998,27.230109999999996,3.1400849017720143,24.090025098227983,24.090025098227983
61,102.13,31.018,11.277338,14.735545127423386,-3.4582071274233854,-3.4582071274233854
62,101.87899999999999,30.883000000000003,29.487078000000004,24.158658339512346,5.328419660487658,5.328419660487658
63,101.745,30.721999999999998,43.398987,26.16002494214075,17.238962057859247,17.238962057859247
64,100.929,31.144000000000002,27.654421999999997,31.732148170910747,-4.077726170910751,-4.077726170910751
65,100.693,31.522,45.156134,33.82269424645471,11.333439753545292,11.333439753545292
66,100.929,31.939,44.422338,26.281129499149415,18.14120850085059,18.14120850085059
67,101.11,31.896,34.997349,28.42063361667909,6.576715383320909,6.576715383320909
68,101.31200000000001,31.778000000000002,46.069629,30.97153875550125,15.09809024449875,15.09809024449875
69,101.553,31.795,16.570009,21.843278940627236,-5.273269940627237,-5.273269940627237
70,101.90700000000001,31.818,-6.233709999999999,13.41359506004059,-19.64730506004059,-19.64730506004059
71,102.772,30.052,52.739049,18.293281638538073,34.44576736146193,34.44576736146193
72,102.45299999999999,30.005,20.869797,11.77552096114023,9.094276038859768,9.094276038859768
73,102.15799999999999,30.053,12.373075,10.201518872725401,2.1715561272745987,2.1715561272745987
74,101.956,30.026999999999997,21.767770000000002,12.157780310178905,9.609989689821097,9.609989689821097
75,101.484,30.116,7.333522,17.758322357439894,-10.424800357439894,-10.424800357439894
76,101.53399999999999,30.441,53.729061,22.993209856257117,30.735851143742885,30.735851143742885
77,102.198,29.655,0.9406459999999999,2.038922269743151,-1.098276269743151,-1.098276269743151
78,102.277,29.320999999999998,-5.2107209999999995,-6.319812686462628,1.1090916864626283,1.1090916864626283
79,102.338,29.136999999999997,-39.006669,-6.290744711836559,-32.71592428816344,-32.71592428816344
80,102.126,28.514,-9.198356,-12.97902260961295,3.7806666096129504,3.7806666096129504
81,101.92299999999999,28.325,-1.4690239999999999,-15.473077517500167,14.004053517500168,14.004053517500168
82,101.943,28.6,-4.568716,-14.83565614458287,10.26694014458287,10.26694014458287
83,101.678,28.615,-14.988584,-15.324189496589526,0.3356054965895261,0.3356054965895261
84,101.675,28.761,-18.752913,-14.854856555329727,-3.8980564446702726,-3.8980564446702726
85,101.493,29.342,-15.407531,-6.800282709250451,-8.60724829074955,-8.60724829074955
86,101.368,29.623,2.563604,3.2221518495429713,-0.6585478495429711,-0.6585478495429711
87,101.55799999999999,29.846,-0.22522199999999998,6.837735201244431,-7.062957201244431,-7.062957201244431
88,103.17,29.910999999999998,16.621081,18.601499320411996,-1.9804183204119958,-1.9804183204119958
89,103.43,29.888,6.3914089999999995,16.313097576653096,-9.921688576653096,-9.921688576653096
90,103.57700000000001,29.778000000000002,5.585111,13.098072065405203,-7.512961065405203,-7.512961065405203
91,103.454,29.572,15.920051,17.500986479632736,-1.5809354796327355,-1.5809354796327355
92,103.31700000000001,29.406999999999996,12.397319,21.887783487000178,-9.490464487000178,-9.490464487000178
93,103.177,29.223000000000003,38.106797,22.777962206584156,15.328834793415844,15.328834793415844
94,102.916,29.278000000000002,49.710891,18.721900409784446,30.98899059021555,30.98899059021555
95,103.079,29.018,32.266795,21.550407537118904,10.716387462881098,10.716387462881098
96,103.04299999999999,28.846999999999998,28.100609999999996,20.21737217610643,7.883237823893566,7.883237823893566
97,103.12700000000001,28.601999999999997,27.778074,20.669341443647603,7.108732556352397,7.108732556352397
98,103.12899999999999,28.33,23.661313,16.965977862091552,6.695335137908447,6.695335137908447
99,103.001,28.178,26.641758000000003,12.677175488374907,13.964582511625096,13.964582511625096
100,102.837,28.015,27.808334000000002,4.483045039755813,23.32528896024419,23.32528896024419
101,102.601,27.893,9.078113,-4.542450917262666,13.620563917262666,13.620563917262666
102,102.179,28.000999999999998,-12.545855,-14.55912986305266,2.0132748630526613,2.0132748630526613
103,102.20100000000001,27.57,-15.625914999999999,-19.879255750683384,4.253340750683385,4.253340750683385
104,102.18799999999999,27.427,-14.9012,-24.77229125148749,9.871091251487492,9.871091251487492
105,101.928,26.537,-41.236339,-29.328985774793527,-11.907353225206474,-11.907353225206474
106,101.677,26.557,-39.734688,-26.4354503775259,-13.299237622474099,-13.299237622474099
107,101.59100000000001,26.596,-25.078332999999997,-24.765440691466388,-0.31289230853360905,-0.31289230853360905
108,101.569,26.718000000000004,-18.021367,-24.226268074778936,6.204901074778935,6.204901074778935
109,101.443,26.958000000000002,-20.878706,-19.033414454476713,-1.8452915455232883,-1.8452915455232883
110,101.3,27.11,-18.063768,-15.217830916673515,-2.8459370833264845,-2.8459370833264845
111,101.321,27.308000000000003,-9.856456,-15.070854470800935,5.214398470800935,5.214398470800935
112,101.514,27.42,-9.840883999999999,-19.324768437959158,9.483884437959158,9.483884437959158
113,101.80799999999999,27.615,-22.176659,-21.119949571149533,-1.0567094288504677,-1.0567094288504677
114,101.961,27.719,-53.212368999999995,-19.658756866691245,-33.55361213330875,-33.55361213330875
115,102.596,27.261999999999997,-30.698912,-24.228106148209296,-6.470805851790704,-6.470805851790704
116,101.404,30.623,11.861806,26.978103065843825,-15.116297065843826,-15.116297065843826
117,101.551,30.355999999999998,51.525751,21.607083031287246,29.918667968712754,29.918667968712754
118,102.17399999999999,29.467,-12.505919,-4.128004128819866,-8.377914871180135,-8.377914871180135
119,102.226,29.796,1.841688,4.080316531423167,-2.2386285314231666,-2.2386285314231666
120,102.17299999999999,30.116999999999997,-14.058294,11.59354767309906,-25.65184167309906,-25.65184167309906
121,104.065,30.639,-5.7981739999999995,5.624374521944467,-11.422548521944467,-11.422548521944467
122,103.757,30.91,27.492922999999998,5.151505692782458,22.34141730721754,22.34141730721754
123,102.21700000000001,28.57,-16.690837,-11.93077501470607,-4.7600619852939285,-4.7600619852939285
124,102.20299999999999,28.549,-14.973789000000002,-12.105891360146726,-2.8678976398532754,-2.8678976398532754
125,102.316,27.781,-25.438819,-15.404001732495402,-10.034817267504597,-10.034817267504597
126,102.34100000000001,27.741,-32.346369,-15.433821374394302,-16.9125476256057,-16.9125476256057
127,100.75,31.296999999999997,46.434148,31.798078296492047,14.636069703507953,14.636069703507953
128,101.5,30.537,48.994749,25.266105775663554,23.728643224336444,23.728643224336444
129,100.68,31.401,41.657681,31.73867833753151,9.919002662468486,9.919002662468486
130,102.296,29.268,-14.680332,-6.4763467250531646,-8.203985274946834,-8.203985274946834
131,102.228,27.910999999999998,-13.139251000000002,-15.216586934770152,2.0773359347701508,2.0773359347701508
132,102.27799999999999,28.808000000000003,-18.884839000000003,-10.413138800393991,-8.471700199606012,-8.471700199606012
133,102.101,27.881999999999998,-19.789057,-16.805070018057663,-2.983986981942337,-2.983986981942337
134,102.16799999999999,27.909000000000002,-17.824089,-15.864679152502964,-1.959409847497037,-1.959409847497037
135,102.22,27.901999999999997,-5.075673999999999,-15.405186243603612,10.329512243603613,10.329512243603613
136,102.25200000000001,27.865,-12.433328999999999,-15.425188606355238,2.9918596063552396,2.9918596063552396
137,102.294,27.886999999999997,-17.670312,-14.64443738548498,-3.0258746145150184,-3.0258746145150184
138,102.324,27.88,-2.310352,-14.242798572690948,11.932446572690948,11.932446572690948
139,102.361,27.889,-0.517354,-13.40243861988511,12.885084619885111,12.885084619885111
140,102.38,27.878,12.471484,-13.090170906929256,25.561654906929256,25.561654906929256
141,102.421,27.864,15.155751,-12.091467593439903,27.247218593439904,27.247218593439904
142,102.714,27.022,-48.965181,-27.40999965430298,-21.555181345697022,-21.555181345697022
143,102.71600000000001,27.034000000000002,-40.986992,-27.042000603955117,-13.944991396044884,-13.944991396044884
144,102.738,27.064,-41.850722,-25.991832810361263,-15.858889189638735,-15.858889189638735
0,102.26,28.735,-11.591589,-3.4225869506110325,-8.169002049388968,-8.169002049388968
1,102.18,28.445999999999998,-14.392987,-8.231568081464951,-6.161418918535048,-6.161418918535048
2,102.178,28.256999999999998,-0.225867,-10.23175766471482,10.005890664714821,10.005890664714821
3,102.186,28.144000000000002,-29.391307,-11.453403166773203,-17.937903833226798,-17.937903833226798
4,102.51700000000001,27.441999999999997,-39.905516999999996,-20.176930672184692,-19.728586327815304,-19.728586327815304
5,102.456,27.533,-45.513203999999995,-18.852712475945935,-26.66049152405406,-26.66049152405406
6,102.428,27.625,-33.764706,-17.375694031851335,-16.38901196814866,-16.38901196814866
7,101.77,30.069000000000003,37.940558,19.10287235062972,18.837685649370282,18.837685649370282
8,101.61,30.076,24.291229,18.96552453817887,5.325704461821132,5.325704461821132
9,101.54,30.034000000000002,17.623279,17.356940801744567,0.2663381982554327,0.2663381982554327
10,102.361,29.239,-4.276221,9.807618978805303,-14.083839978805303,-14.083839978805303
11,101.505,29.136999999999997,-35.398920000000004,-0.2484607964633314,-35.15045920353667,-35.15045920353667
12,101.50399999999999,29.005,-20.147248,-2.532394311940399,-17.614853688059604,-17.614853688059604
13,101.53,30.289,39.874283,20.873632584416253,19.000650415583745,19.000650415583745
14,101.179,30.941,35.225251,22.7438828849302,12.481368115069799,12.481368115069799
15,103.881,30.813000000000002,-7.383235000000001,7.023898595434946,-14.407133595434946,-14.407133595434946
16,103.59100000000001,30.976999999999997,4.149319,9.743552950543524,-5.594233950543524,-5.594233950543524
17,103.48,31.098000000000003,12.458005,11.946439645949704,0.5115653540502958,0.5115653540502958
18,103.475,31.326,-15.434010999999998,11.72875068831952,-27.16276168831952,-27.16276168831952
19,103.56700000000001,31.46,10.282219,8.62299396020941,1.6592250397905897,1.6592250397905897
20,103.789,31.629,-22.757182999999998,3.3457132165275363,-26.102896216527533,-26.102896216527533
21,104.09899999999999,31.779,-14.179409,-3.9345592957300317,-10.244849704269967,-10.244849704269967
22,104.294,31.863000000000003,0.109545,-5.904217977614869,6.013762977614869,6.013762977614869
23,104.50299999999999,31.86,-4.786262000000001,-9.142401983830991,4.356139983830991,4.356139983830991
24,104.685,31.679000000000002,-18.166206,-12.570965568731625,-5.595240431268374,-5.595240431268374
25,104.726,31.44,-26.220438,-10.101020035738458,-16.119417964261544,-16.119417964261544
26,104.443,31.283,-12.472944,-4.870535324550128,-7.602408675449872,-7.602408675449872
27,104.524,31.151999999999997,5.073462999999999,-5.9856017831524175,11.059064783152417,11.059064783152417
28,104.198,30.883000000000003,16.978882000000002,1.5350688880679066,15.443813111932096,15.443813111932096
29,103.88600000000001,30.444000000000003,16.379271,8.467219833266945,7.912051166733054,7.912051166733054
30,103.478,30.415,5.9334050000000005,14.881708329256291,-8.94830332925629,-8.94830332925629
31,103.215,30.146,18.652939,20.10669082254627,-1.4537518225462698,-1.4537518225462698
32,103.01100000000001,29.980999999999998,24.375625,23.906757298235988,0.4688677017640117,0.4688677017640117
33,102.90799999999999,30.090999999999998,30.434333000000002,22.573902026476198,7.860430973523805,7.860430973523805
34,102.91799999999999,30.156999999999996,20.856811999999998,21.935328554840282,-1.0785165548402844,-1.0785165548402844
35,102.78299999999999,30.335,16.829428,21.098654703505836,-4.269226703505836,-4.269226703505836
36,102.883,30.471999999999998,30.367549,19.13726682151688,11.230282178483119,11.230282178483119
37,102.758,30.663,5.740777,16.155816357155796,-10.415039357155797,-10.415039357155797
38,102.637,30.965999999999998,13.022983,14.884736260758919,-1.8617532607589187,-1.8617532607589187
39,102.406,31.019000000000002,14.060796,13.6971958853719,0.3636001146281007,0.3636001146281007
40,102.479,31.287,14.571245000000001,13.236857501375013,1.334387498624988,1.334387498624988
41,102.48899999999999,31.485,8.958798,13.549583102900801,-4.590785102900801,-4.590785102900801
42,102.324,31.660999999999998,24.966343,12.207188853266207,12.759154146733792,12.759154146733792
43,102.288,31.865,2.631281,10.466922088605015,-7.835641088605016,-7.835641088605016
44,102.62899999999999,31.865,21.526241,13.528995153758643,7.997245846241356,7.997245846241356
45,102.78,31.663,42.198387,16.00487208545073,26.193514914549265,26.193514914549265
46,102.90700000000001,31.531999999999996,-1.2317639999999999,15.921460162525277,-17.153224162525277,-17.153224162525277
47,103.09100000000001,31.4,32.757338,15.683051268517051,17.074286731482946,17.074286731482946
48,103.337,31.570999999999998,24.379179999999998,14.836077935642042,9.543102064357956,9.543102064357956
49,102.13,31.018,22.422278,14.578636087903124,7.843641912096874,7.843641912096874
50,101.87899999999999,30.883000000000003,26.722532,20.204776234881543,6.5177557651184586,6.5177557651184586
51,101.745,30.721999999999998,37.666469,21.693678418464682,15.972790581535318,15.972790581535318
52,100.929,31.144000000000002,44.443402,22.826235265054436,21.617166734945563,21.617166734945563
53,100.929,31.939,56.606049,20.35883511115553,36.24721388884447,36.24721388884447
54,101.11,31.896,62.194444,23.239196103595066,38.95524789640493,38.95524789640493
55,101.553,31.795,30.152852000000003,19.875516877159786,10.277335122840217,10.277335122840217
56,101.90700000000001,31.818,7.041791,14.7208122733828,-7.6790212733828,-7.6790212733828
57,102.772,30.052,58.901235,23.06943908650615,35.83179591349385,35.83179591349385
58,102.45299999999999,30.005,33.604789000000004,18.582400748064092,15.022388251935912,15.022388251935912
59,102.15799999999999,30.053,33.692932,16.494023273303068,17.19890872669693,17.19890872669693
60,101.956,30.026999999999997,31.997296000000002,17.265470901891376,14.731825098108626,14.731825098108626
61,101.484,30.116,29.9602,18.829672856652337,11.130527143347663,11.130527143347663
62,101.53399999999999,30.441,43.246109000000004,21.52969817083804,21.716410829161966,21.716410829161966
63,102.198,29.655,-11.985047,12.645062935912769,-24.63010993591277,-24.63010993591277
64,102.277,29.320999999999998,36.299787,8.43836196503829,27.861425034961712,27.861425034961712
65,102.338,29.136999999999997,2.560753,7.8625332770348635,-5.301780277034863,-5.301780277034863
66,102.126,28.514,-8.465945,-7.597765088326426,-0.8681799116735736,-0.8681799116735736
67,101.92299999999999,28.325,12.238698,-10.658744222600713,22.897442222600713,22.897442222600713
68,101.943,28.6,7.841338,-7.365094936514784,15.206432936514783,15.206432936514783
69,101.678,28.615,6.208669,-7.505692727983253,13.714361727983253,13.714361727983253
70,101.675,28.761,-18.962406,-6.433462619542537,-12.528943380457465,-12.528943380457465
71,101.493,29.342,20.964228,1.953591361132837,19.01063663886716,19.01063663886716
72,101.368,29.623,20.446935,8.75351131386967,11.69342368613033,11.69342368613033
73,101.55799999999999,29.846,12.997297999999999,12.506360161109365,0.490937838890634,0.490937838890634
74,103.17,29.910999999999998,19.216889000000002,24.399167417992558,-5.182278417992556,-5.182278417992556
75,103.43,29.888,23.663121,21.346707065337757,2.3164139346622434,2.3164139346622434
76,103.57700000000001,29.778000000000002,8.648166,17.14559223442897,-8.497426234428971,-8.497426234428971
77,103.454,29.572,34.147774,23.182335023571095,10.965438976428903,10.965438976428903
78,103.31700000000001,29.406999999999996,36.374576,29.669913071194266,6.704662928805732,6.704662928805732
79,103.177,29.223000000000003,62.462154000000005,31.487447881465766,30.97470611853424,30.97470611853424
80,102.916,29.278000000000002,82.313867,29.326667790970472,52.98719920902953,52.98719920902953
81,102.632,29.349,46.388822,24.770420809638903,21.618401190361094,21.618401190361094
82,103.079,29.018,53.381145,29.591741404082875,23.789403595917122,23.789403595917122
83,103.04299999999999,28.846999999999998,34.325409,26.80479373203159,7.5206152679684095,7.5206152679684095
84,103.12700000000001,28.601999999999997,42.80042,25.778638025815944,17.02178197418406,17.02178197418406
85,103.12899999999999,28.33,25.197001999999998,19.75158212230339,5.445419877696608,5.445419877696608
86,103.001,28.178,38.742252,15.240087537362204,23.502164462637797,23.502164462637797
87,102.837,28.015,55.487314000000005,6.370051166226107,49.1172628337739,49.1172628337739
88,102.601,27.893,16.636045000000003,-4.205887352563,20.841932352563003,20.841932352563003
89,102.179,28.000999999999998,-7.837317999999999,-15.025408619958647,7.188090619958648,7.188090619958648
90,102.20100000000001,27.57,-51.410097,-22.538904803805686,-28.871192196194315,-28.871192196194315
91,101.59100000000001,26.596,-47.595184,-25.64498625274146,-21.950197747258542,-21.950197747258542
92,101.569,26.718000000000004,-46.965692,-25.71959911703894,-21.246092882961058,-21.246092882961058
93,101.514,27.42,-52.953164,-21.453574627146217,-31.499589372853784,-31.499589372853784
94,101.80799999999999,27.615,-26.599190999999998,-21.008503100255417,-5.59068789974458,-5.59068789974458
95,101.961,27.719,-29.747521999999996,-20.337736617485117,-9.40978538251488,-9.40978538251488
96,101.404,30.623,13.965475,22.032212649798716,-8.066737649798716,-8.066737649798716
97,101.551,30.355999999999998,52.77179399999999,21.32848807795463,31.44330592204536,31.44330592204536
98,102.17399999999999,29.467,48.242845,9.114840963358382,39.12800403664162,39.12800403664162
99,102.226,29.796,-3.034504,13.836231316750315,-16.870735316750313,-16.870735316750313
100,102.17299999999999,30.116999999999997,8.344567999999999,17.132318243997002,-8.787750243997003,-8.787750243997003
101,104.065,30.639,-3.594127,4.167145535566345,-7.761272535566345,-7.761272535566345
102,103.757,30.91,19.666057000000002,8.02139142901541,11.644665570984593,11.644665570984593
103,102.21700000000001,28.57,-22.35068,-5.813397974655043,-16.537282025344958,-16.537282025344958
104,102.20299999999999,28.549,-28.914406,-6.295775698760286,-22.618630301239712,-22.618630301239712
105,102.316,27.781,-29.062803000000002,-18.163244007812132,-10.89955899218787,-10.89955899218787
106,102.34100000000001,27.741,-36.002977,-18.18133639781094,-17.82164060218906,-17.82164060218906
107,101.5,30.537,38.265648999999996,21.786331406044898,16.4793175939551,16.4793175939551
108,102.296,29.268,9.987585000000001,8.336210013493206,1.651374986506795,1.651374986506795
109,102.228,27.910999999999998,-18.181774,-17.221480428805528,-0.9602935711944731,-0.9602935711944731
110,102.27799999999999,28.808000000000003,-35.127491,-2.305315830206073,-32.82217516979392,-32.82217516979392
111,102.101,27.881999999999998,-22.200260999999998,-18.53671145335086,-3.6635495466491363,-3.6635495466491363
112,102.16799999999999,27.909000000000002,-40.117746000000004,-17.736865374295476,-22.380880625704528,-22.380880625704528
113,102.22,27.901999999999997,-16.994367999999998,-17.496726587694223,0.5023585876942249,0.5023585876942249
114,102.25200000000001,27.865,-22.976449,-17.869768221566225,-5.106680778433773,-5.106680778433773
115,102.294,27.886999999999997,-18.060098,-16.889954232572794,-1.1701437674272057,-1.1701437674272057
116,102.324,27.88,-0.216259,-16.487105707876246,16.270846707876245,16.270846707876245
117,102.361,27.889,-10.563658,-15.439154110172536,4.875496110172536,4.875496110172536
118,102.38,27.878,9.623942999999999,-15.116484840512355,24.740427840512353,24.740427840512353
119,102.421,27.864,28.795779,-13.912340212627699,42.7081192126277,42.7081192126277
120,102.71600000000001,27.034000000000002,-44.113049,-22.477442352155933,-21.635606647844064,-21.635606647844064
121,102.738,27.064,-49.881221999999994,-21.732946894610023,-28.14827510538997,-28.14827510538997
0,102.26,28.735,-2.1887950000000003,3.9634431531207177,-6.152238153120718,-6.152238153120718
1,102.18,28.445999999999998,-3.5723910000000005,-0.5431941143795054,-3.029196885620495,-3.029196885620495
2,102.178,28.256999999999998,8.553873,-2.667008272249573,11.220881272249573,11.220881272249573
3,102.186,28.144000000000002,-19.820304999999998,-4.059473547407372,-15.760831452592626,-15.760831452592626
4,102.51700000000001,27.441999999999997,-34.614174,-16.993341770252336,-17.620832229747663,-17.620832229747663
5,102.428,27.625,-44.83141,-13.17950704438701,-31.65190295561299,-31.65190295561299
6,101.834,30.041999999999998,-11.110907000000001,7.28078001832537,-18.39168701832537,-18.39168701832537
7,101.77,30.069000000000003,-3.7624589999999998,6.878819447465654,-10.641278447465654,-10.641278447465654
8,101.61,30.076,-6.441663,6.444071932416556,-12.885734932416556,-12.885734932416556
9,101.54,30.034000000000002,-27.106244,6.433544566194108,-33.539788566194105,-33.539788566194105
10,102.361,29.239,-10.753888,12.66012772116889,-23.414015721168887,-23.414015721168887
11,101.505,29.136999999999997,-19.92373,4.826084245426265,-24.749814245426265,-24.749814245426265
12,101.50399999999999,29.005,-4.739023,3.4951644882644484,-8.23418748826445,-8.23418748826445
13,101.53,30.289,4.09271,6.418987303760941,-2.326277303760941,-2.326277303760941
14,103.881,30.813000000000002,-8.518884,10.041193715193483,-18.560077715193483,-18.560077715193483
15,103.59100000000001,30.976999999999997,29.306074,16.1100904644693,13.195983535530697,13.195983535530697
16,103.48,31.098000000000003,60.962908999999996,20.86453486536678,40.09837413463322,40.09837413463322
17,103.475,31.326,41.291429,22.357303326567134,18.934125673432867,18.934125673432867
18,103.56700000000001,31.46,40.132692999999996,19.49029796576623,20.642395034233765,20.642395034233765
19,103.789,31.629,14.917813,13.192849633724197,1.7249633662758033,1.7249633662758033
20,104.09899999999999,31.779,-8.403027999999999,-2.7877336914301143,-5.615294308569885,-5.615294308569885
21,104.294,31.863000000000003,-3.6986449999999995,-7.564283443977341,3.8656384439773412,3.8656384439773412
22,104.50299999999999,31.86,-6.496354,-14.115041749332097,7.618687749332096,7.618687749332096
23,104.685,31.679000000000002,-38.822063,-20.920190213432985,-17.901872786567015,-17.901872786567015
24,104.726,31.44,-44.273528999999996,-18.494318921432303,-25.779210078567694,-25.779210078567694
25,104.443,31.283,-35.788701,-9.808527220059982,-25.98017377994002,-25.98017377994002
26,104.524,31.151999999999997,-10.257302000000001,-12.373808459209354,2.1165064592093525,2.1165064592093525
27,104.198,30.883000000000003,13.734375,-0.9038686382213692,14.638243638221368,14.638243638221368
28,103.88600000000001,30.444000000000003,19.791826999999998,8.628987701498628,11.16283929850137,11.16283929850137
29,103.478,30.415,-5.424139,14.559106941345743,-19.983245941345743,-19.983245941345743
30,103.215,30.146,36.11455,17.684042798369433,18.43050720163057,18.43050720163057
31,103.01100000000001,29.980999999999998,24.393188000000002,20.542676071806248,3.850511928193754,3.850511928193754
32,102.90799999999999,30.090999999999998,11.374732,17.856547124094277,-6.481815124094277,-6.481815124094277
33,102.91799999999999,30.156999999999996,11.523933999999999,17.067497374688116,-5.543563374688118,-5.543563374688118
34,102.78299999999999,30.335,3.55836,15.333195578686174,-11.774835578686174,-11.774835578686174
35,102.883,30.471999999999998,12.6526,14.183907947498653,-1.5313079474986537,-1.5313079474986537
36,102.758,30.663,-26.783487,10.694400187837214,-37.47788718783721,-37.47788718783721
37,102.637,30.965999999999998,4.086119,11.077643866924584,-6.991524866924584,-6.991524866924584
38,102.406,31.019000000000002,-4.975795,8.359241345878154,-13.335036345878153,-13.335036345878153
39,102.479,31.287,8.173135,11.023947707617795,-2.850812707617795,-2.850812707617795
40,102.48899999999999,31.485,20.221842000000002,13.831914566137874,6.389927433862129,6.389927433862129
41,102.324,31.660999999999998,23.865568,12.44659858729472,11.41896941270528,11.41896941270528
42,102.288,31.865,15.019328,10.9145293286826,4.1047986713174005,4.1047986713174005
43,102.62899999999999,31.865,21.643455,18.49895328381189,3.1445017161881097,3.1445017161881097
44,102.78,31.663,55.107875,22.522803748621595,32.58507125137841,32.58507125137841
45,102.90700000000001,31.531999999999996,13.933372,22.647314404359097,-8.713942404359097,-8.713942404359097
46,103.09100000000001,31.4,58.531051,24.97054698191597,33.56050401808403,33.56050401808403
47,103.337,31.570999999999998,66.714549,27.56309671649702,39.151452283502984,39.151452283502984
48,102.13,31.018,1.7372290000000001,6.950399841593813,-5.213170841593813,-5.213170841593813
49,101.87899999999999,30.883000000000003,10.578325999999999,6.815308659663738,3.763017340336261,3.763017340336261
50,101.745,30.721999999999998,23.378528,6.727758716137131,16.650769283862868,16.650769283862868
51,101.553,31.795,46.236756,12.413174930383974,33.823581069616026,33.823581069616026
52,101.90700000000001,31.818,-1.0627520000000001,10.33115940505629,-11.39391140505629,-11.39391140505629
53,102.772,30.052,63.359818999999995,18.161096434262358,45.19872256573764,45.19872256573764
54,102.45299999999999,30.005,25.130698000000002,15.367360200755275,9.763337799244727,9.763337799244727
55,102.15799999999999,30.053,40.628556,12.08833793509184,28.540218064908164,28.540218064908164
56,101.956,30.026999999999997,16.097097,8.811925995121683,7.285171004878318,7.285171004878318
57,101.484,30.116,-26.189678,6.397240438114533,-32.58691843811454,-32.58691843811454
58,101.53399999999999,30.441,21.216182999999997,6.603857040023087,14.61232595997691,14.61232595997691
59,102.198,29.655,5.442522,12.535344943891738,-7.092822943891738,-7.092822943891738
60,102.277,29.320999999999998,20.788562,11.272494878883013,9.516067121116986,9.516067121116986
61,102.338,29.136999999999997,4.171372,11.391735317101443,-7.220363317101443,-7.220363317101443
62,102.126,28.514,-15.915366,0.26579567395990966,-16.18116167395991,-16.18116167395991
63,101.92299999999999,28.325,-0.8454709999999999,-2.68992601841083,1.8444550184108301,1.8444550184108301
64,101.943,28.6,-13.349959,0.7032766603321258,-14.053235660332126,-14.053235660332126
65,101.678,28.615,13.894932,0.398162028152437,13.496769971847563,13.496769971847563
66,101.675,28.761,-5.005737,1.328895256076235,-6.334632256076235,-6.334632256076235
67,101.493,29.342,39.525211999999996,5.5966694020091605,33.928542597990834,33.928542597990834
68,101.368,29.623,24.936375,6.554418058131519,18.38195694186848,18.38195694186848
69,101.55799999999999,29.846,-6.773513,6.4977341375971855,-13.271247137597186,-13.271247137597186
70,103.17,29.910999999999998,13.170036999999999,21.722473569193525,-8.552436569193526,-8.552436569193526
71,103.43,29.888,12.748904,19.21457344346547,-6.465669443465469,-6.465669443465469
72,103.57700000000001,29.778000000000002,-9.209457,15.502269434945223,-24.711726434945223,-24.711726434945223
73,103.454,29.572,24.145836,21.386674458457854,2.759161541542145,2.759161541542145
74,103.31700000000001,29.406999999999996,36.479867999999996,28.16258748456856,8.317280515431435,8.317280515431435
75,103.177,29.223000000000003,38.722153000000006,30.298395984816388,8.423757015183618,8.423757015183618
76,102.916,29.278000000000002,53.53371800000001,28.465882117713814,25.067835882286193,25.067835882286193
77,103.079,29.018,44.698342,29.172293488238257,15.52604851176174,15.52604851176174
78,103.04299999999999,28.846999999999998,18.279669000000002,27.224629642196696,-8.944960642196694,-8.944960642196694
79,103.12700000000001,28.601999999999997,39.533186,25.786924162555966,13.746261837444035,13.746261837444035
80,103.12899999999999,28.33,6.334542,18.94012305552558,-12.60558105552558,-12.60558105552558
81,103.001,28.178,-3.910354,14.913771933505497,-18.8241259335055,-18.8241259335055
82,102.837,28.015,31.258878999999997,6.719343142586809,24.53953585741319,24.53953585741319
83,102.601,27.893,-19.546352,-2.5618315810566727,-16.984520418943326,-16.984520418943326
84,102.179,28.000999999999998,8.935633000000001,-8.210293392614265,17.145926392614264,17.145926392614264
85,101.59100000000001,26.596,-39.443892,-22.557107790801425,-16.886784209198574,-16.886784209198574
86,101.569,26.718000000000004,-25.83015,-22.778441045479973,-3.051708954520027,-3.051708954520027
87,101.443,26.958000000000002,-34.878384999999994,-20.698859797105552,-14.179525202894443,-14.179525202894443
88,101.3,27.11,-48.848428000000006,-18.892431070601752,-29.955996929398253,-29.955996929398253
89,101.321,27.308000000000003,-21.117765,-18.123174123531296,-2.9945908764687026,-2.9945908764687026
90,101.514,27.42,-27.994273,-17.943158794196236,-10.051114205803763,-10.051114205803763
91,101.80799999999999,27.615,13.028383999999999,-13.714986852555366,26.743370852555366,26.743370852555366
92,101.961,27.719,-12.545232,-13.146180896176514,0.6009488961765133,0.6009488961765133
93,102.596,27.261999999999997,-51.627711,-18.897188423398024,-32.73052257660197,-32.73052257660197
94,101.404,30.623,-11.753561999999999,7.561518303743977,-19.315080303743976,-19.315080303743976
95,101.551,30.355999999999998,38.56843,6.46505841138087,32.103371588619126,32.103371588619126
96,102.17399999999999,29.467,16.32753,10.90730541102273,5.42022458897727,5.42022458897727
97,102.226,29.796,2.924382,12.975223720408897,-10.050841720408897,-10.050841720408897
98,102.17299999999999,30.116999999999997,58.085889,12.137251654233799,45.9486373457662,45.9486373457662
99,104.065,30.639,-10.434465,3.0654753029386246,-13.499940302938624,-13.499940302938624
100,103.757,30.91,60.70991899999999,12.875709520042662,47.83420947995733,47.83420947995733
101,102.21700000000001,28.57,-3.091533,1.8565185085306677,-4.948051508530668,-4.948051508530668
102,102.20299999999999,28.549,-13.287719000000001,1.4095934054127879,-14.697312405412788,-14.697312405412788
103,102.316,27.781,-38.25237,-12.780472727581403,-25.471897272418595,-25.471897272418595
104,101.5,30.537,4.5019290000000005,6.959911634382101,-2.4579826343821,-2.4579826343821
105,102.296,29.268,4.546039,11.36374954787549,-6.817710547875489,-6.817710547875489
106,102.228,27.910999999999998,-6.693809,-11.073829222096862,4.380020222096862,4.380020222096862
107,102.27799999999999,28.808000000000003,-33.69345,4.808347911134337,-38.50179791113433,-38.50179791113433
108,102.101,27.881999999999998,-12.743217999999999,-11.945931206695079,-0.7972867933049201,-0.7972867933049201
109,102.16799999999999,27.909000000000002,-42.508596999999995,-11.350839872704388,-31.157757127295607,-31.157757127295607
110,102.22,27.901999999999997,-1.313387,-11.348253543344294,10.034866543344293,10.034866543344293
111,102.25200000000001,27.865,-34.705843,-11.979121850897576,-22.726721149102424,-22.726721149102424
112,102.294,27.886999999999997,-19.146715,-11.156101166249272,-7.990613833750729,-7.990613833750729
113,102.324,27.88,-13.271761999999999,-10.965682527251465,-2.306079472748534,-2.306079472748534
114,102.361,27.889,-0.9023979999999999,-10.186166645853035,9.283768645853035,9.283768645853035
115,102.38,27.878,-0.675855,-10.077765455792377,9.401910455792377,9.401910455792377
116,102.421,27.864,8.39268,-9.395851818993663,17.78853181899366,17.78853181899366
0,102.26,28.735,48.616335,16.51675478872871,32.09958021127129,32.09958021127129
1,102.18,28.445999999999998,9.707434,14.059924238570833,-4.352490238570834,-4.352490238570834
2,102.178,28.256999999999998,40.627761,12.620941928788916,28.006819071211083,28.006819071211083
3,102.186,28.144000000000002,1.7735020000000001,11.35559391404236,-9.58209191404236,-9.58209191404236
4,102.324,27.32,-28.292557000000002,-18.553932036243097,-9.738624963756905,-9.738624963756905
5,102.28399999999999,27.194000000000003,-39.399474,-20.890581463829804,-18.508892536170194,-18.508892536170194
6,102.25200000000001,27.105,-30.548051,-22.226772843090984,-8.321278156909017,-8.321278156909017
7,102.245,26.651,-55.306163,-27.578977995282344,-27.727185004717654,-27.727185004717654
8,102.51700000000001,27.441999999999997,-16.507664000000002,-11.94589782419933,-4.561766175800672,-4.561766175800672
9,102.456,27.533,-18.881804000000002,-5.8340413448432304,-13.047762655156772,-13.047762655156772
10,102.428,27.625,-12.671366,-0.9638726557712256,-11.707493344228775,-11.707493344228775
11,101.834,30.041999999999998,-16.634387,-1.9961472893827272,-14.638239710617274,-14.638239710617274
12,101.77,30.069000000000003,-22.183964000000003,-3.0672030748714065,-19.116760925128595,-19.116760925128595
13,101.61,30.076,-12.525957,-3.3572924652681544,-9.168664534731846,-9.168664534731846
14,101.54,30.034000000000002,-20.299401,-2.037269371824881,-18.26213162817512,-18.26213162817512
15,102.361,29.239,1.544171,16.3166505418561,-14.772479541856098,-14.772479541856098
16,101.505,29.136999999999997,-4.081373,7.755720304363986,-11.837093304363986,-11.837093304363986
17,101.53,30.289,-12.288362,-4.677004827078179,-7.61135717292182,-7.61135717292182
18,101.179,30.941,12.761557,2.095869559882378,10.665687440117622,10.665687440117622
19,100.729,31.337,8.540119,12.562126382685667,-4.022007382685667,-4.022007382685667
20,103.881,30.813000000000002,-31.641575,5.894392459650881,-37.53596745965088,-37.53596745965088
21,103.59100000000001,30.976999999999997,3.073166,11.99927389325266,-8.92610789325266,-8.92610789325266
22,103.48,31.098000000000003,39.994316,17.19124703128793,22.80306896871207,22.80306896871207
23,103.475,31.326,34.243083,19.298794086126684,14.944288913873315,14.944288913873315
24,103.56700000000001,31.46,12.211556,16.91104694476516,-4.699490944765161,-4.699490944765161
25,103.789,31.629,-3.429604,11.091511791837437,-14.521115791837437,-14.521115791837437
26,104.09899999999999,31.779,-26.305046,-5.743688674517937,-20.561357325482064,-20.561357325482064
27,104.294,31.863000000000003,-10.056306,-10.56988147154793,0.5135754715479308,0.5135754715479308
28,104.50299999999999,31.86,-31.824957,-17.27070584652557,-14.554251153474432,-14.554251153474432
29,104.198,30.883000000000003,-15.502760999999998,-4.605574880271257,-10.89718611972874,-10.89718611972874
30,103.88600000000001,30.444000000000003,11.888508,4.816818890570166,7.071689109429834,7.071689109429834
31,103.478,30.415,-24.360292,8.805197654792176,-33.165489654792175,-33.165489654792175
32,103.215,30.146,8.053011999999999,10.576487764405652,-2.523475764405653,-2.523475764405653
33,103.01100000000001,29.980999999999998,2.704597,14.23317856125773,-11.528581561257731,-11.528581561257731
34,102.90799999999999,30.090999999999998,-18.491652,10.027863279338757,-28.519515279338755,-28.519515279338755
35,102.91799999999999,30.156999999999996,-4.112919000000001,8.89062492700137,-13.00354392700137,-13.00354392700137
36,102.78299999999999,30.335,3.463919,6.664584376134433,-3.2006653761344332,-3.2006653761344332
37,102.883,30.471999999999998,-3.7643400000000002,6.251637491076124,-10.015977491076125,-10.015977491076125
38,102.758,30.663,-36.545515,3.698243093131046,-40.24375809313105,-40.24375809313105
39,102.637,30.965999999999998,-23.040575,5.4787858028809495,-28.51936080288095,-28.51936080288095
40,102.406,31.019000000000002,-7.805717,2.7632576888872786,-10.568974688887279,-10.568974688887279
41,102.479,31.287,-8.564672999999999,7.152531160984925,-15.717204160984924,-15.717204160984924
42,102.48899999999999,31.485,5.408812999999999,11.081228963820323,-5.672415963820323,-5.672415963820323
43,102.324,31.660999999999998,-4.3827110000000005,9.48481239899104,-13.86752339899104,-13.86752339899104
44,102.288,31.865,3.040794,8.372594717081173,-5.3318007170811725,-5.3318007170811725
45,102.62899999999999,31.865,29.250396000000002,18.48163514901301,10.768760850986993,10.768760850986993
46,102.78,31.663,49.431209,22.546039224738188,26.885169775261815,26.885169775261815
47,102.90700000000001,31.531999999999996,-0.31814699999999996,21.68368040085186,-22.00182740085186,-22.00182740085186
48,103.09100000000001,31.4,50.628036,22.446624729787807,28.181411270212195,28.181411270212195
49,103.337,31.570999999999998,41.389340000000004,26.37872783080632,15.010612169193685,15.010612169193685
50,102.13,31.018,-10.174666,0.26327805535136783,-10.437944055351368,-10.437944055351368
51,101.87899999999999,30.883000000000003,-13.166542999999999,-4.353583474092886,-8.812959525907113,-8.812959525907113
52,101.745,30.721999999999998,-13.893054000000001,-5.601755665339538,-8.291298334660464,-8.291298334660464
53,100.929,31.144000000000002,21.812041,10.121814639489926,11.690226360510074,11.690226360510074
54,100.693,31.522,6.025511,14.770843145174176,-8.745332145174176,-8.745332145174176
55,100.729,31.874000000000002,10.332691,14.159792019962806,-3.8271010199628055,-3.8271010199628055
56,100.929,31.939,-1.9442549999999998,11.896030678351327,-13.840285678351327,-13.840285678351327
57,101.11,31.896,3.612821,12.568429797654773,-8.955608797654772,-8.955608797654772
58,101.31200000000001,31.778000000000002,35.172219,12.980664017107305,22.191554982892693,22.191554982892693
59,101.553,31.795,-18.931101,6.747529302270718,-25.67863030227072,-25.67863030227072
60,101.90700000000001,31.818,-41.860786,4.266922778988162,-46.12770877898816,-46.12770877898816
61,102.772,30.052,43.920518,10.495950913273102,33.424567086726896,33.424567086726896
62,102.45299999999999,30.005,13.570502,8.633885681436821,4.936616318563178,4.936616318563178
63,102.15799999999999,30.053,38.578189,4.538692012972813,34.03949698702719,34.03949698702719
64,101.956,30.026999999999997,4.242465,0.43274624305314724,3.809718756946853,3.809718756946853
65,101.484,30.116,-30.834332,-3.117111268935638,-27.717220731064362,-27.717220731064362
66,101.53399999999999,30.441,-17.015611,-4.836825421806594,-12.178785578193406,-12.178785578193406
67,102.198,29.655,-10.11811,9.396022002971787,-19.514132002971785,-19.514132002971785
68,102.277,29.320999999999998,21.531554,14.28917977847388,7.24237422152612,7.24237422152612
69,102.338,29.136999999999997,20.235585999999998,16.208375096216493,4.027210903783505,4.027210903783505
70,102.126,28.514,7.719582000000001,13.9619590915679,-6.242377091567899,-6.242377091567899
71,101.92299999999999,28.325,29.722996000000002,8.647784336978415,21.075211663021587,21.075211663021587
72,101.943,28.6,-1.225041,11.434718415591806,-12.659759415591807,-12.659759415591807
73,101.678,28.615,28.502337,8.982030600131555,19.520306399868446,19.520306399868446
74,101.675,28.761,32.969023,9.476091679754578,23.49293132024542,23.49293132024542
75,101.493,29.342,40.817063,7.179384421748928,33.63767857825107,33.63767857825107
76,101.368,29.623,63.399779,4.519787072642586,58.879991927357416,58.879991927357416
77,101.55799999999999,29.846,12.030569,1.742953021958688,10.287615978041313,10.287615978041313
78,103.17,29.910999999999998,-6.20749,16.50715603827799,-22.71464603827799,-22.71464603827799
79,103.43,29.888,7.365498,15.067009993800443,-7.701511993800444,-7.701511993800444
80,103.57700000000001,29.778000000000002,4.636523,12.938118913020045,-8.301595913020044,-8.301595913020044
81,103.454,29.572,35.550092,19.00238754680864,16.547704453191358,16.547704453191358
82,103.31700000000001,29.406999999999996,60.291835999999996,27.786214806317385,32.505621193682614,32.505621193682614
83,103.177,29.223000000000003,44.462882,31.26933562249616,13.19354637750384,13.19354637750384
84,102.916,29.278000000000002,50.932545000000005,29.951679484714923,20.980865515285082,20.980865515285082
85,102.632,29.349,80.155683,26.04792942812033,54.10775357187967,54.10775357187967
86,103.079,29.018,51.452166,31.85725622627279,19.59490977372721,19.59490977372721
87,103.04299999999999,28.846999999999998,26.987613,31.58921970793007,-4.60160670793007,-4.60160670793007
88,103.12700000000001,28.601999999999997,60.302333999999995,30.28394472201397,30.018389277986024,30.018389277986024
89,103.12899999999999,28.33,32.803151,24.104196274346258,8.698954725653742,8.698954725653742
90,103.001,28.178,17.482457999999998,21.5849329649907,-4.1024749649907015,-4.1024749649907015
91,102.837,28.015,64.536294,14.96332532563846,49.57296867436154,49.57296867436154
92,102.601,27.893,12.038147,7.608182267146155,4.429964732853845,4.429964732853845
93,102.179,28.000999999999998,28.806252,7.219811107048127,21.586440892951874,21.586440892951874
94,102.20100000000001,27.57,10.423621,-4.789312504813242,15.212933504813243,15.212933504813243
95,102.18799999999999,27.427,-8.701887,-14.733261386175108,6.031374386175109,6.031374386175109
96,101.59100000000001,26.596,2.680143,-18.306035955114297,20.986178955114298,20.986178955114298
97,101.569,26.718000000000004,-2.039951,-18.304198319930734,16.264247319930735,16.264247319930735
98,101.443,26.958000000000002,-32.055355,-16.427512829455416,-15.627842170544582,-15.627842170544582
99,101.3,27.11,-41.485926,-14.949078147586345,-26.536847852413654,-26.536847852413654
100,101.321,27.308000000000003,-1.638408,-14.05691781139595,12.41850981139595,12.41850981139595
101,101.514,27.42,-35.642694,-13.019292442378468,-22.62340155762153,-22.62340155762153
102,101.80799999999999,27.615,16.223527,-5.708375179722458,21.931902179722456,21.931902179722456
103,101.961,27.719,-13.262533,-2.293541001425636,-10.968991998574364,-10.968991998574364
104,102.596,27.261999999999997,-53.582942,-17.27511155106093,-36.30783044893907,-36.30783044893907
105,101.404,30.623,-33.028543,-2.66176616182879,-30.36677683817121,-30.36677683817121
106,101.551,30.355999999999998,7.440944,-4.9777951521269275,12.418739152126928,12.418739152126928
107,102.17399999999999,29.467,3.066282,11.545020342317349,-8.47873834231735,-8.47873834231735
108,102.226,29.796,0.555633,8.678404840976278,-8.122771840976277,-8.122771840976277
109,102.17299999999999,30.116999999999997,10.534727,3.9244655787159974,6.610261421284003,6.610261421284003
110,104.065,30.639,-14.285174,-0.8330011150547691,-13.452172884945231,-13.452172884945231
111,103.757,30.91,58.665693000000005,8.746038083480508,49.9196549165195,49.9196549165195
112,102.21700000000001,28.57,39.696776,15.425690369721252,24.271085630278748,24.271085630278748
113,102.20299999999999,28.549,14.203163,15.133915464001749,-0.930752464001749,-0.930752464001749
114,102.316,27.781,15.843561,2.237660154190209,13.60590084580979,13.60590084580979
115,102.34100000000001,27.741,-22.008206,1.6006647284704831,-23.608870728470485,-23.608870728470485
116,100.75,31.296999999999997,20.029289000000002,12.282785966784463,7.746503033215539,7.746503033215539
117,101.5,30.537,-19.16105,-4.221444839284503,-14.939605160715496,-14.939605160715496
118,102.296,29.268,0.21614699999999998,14.869702429158842,-14.653555429158843,-14.653555429158843
119,102.228,27.910999999999998,26.375263,4.483371779167571,21.891891220832427,21.891891220832427
120,102.27799999999999,28.808000000000003,11.509596,16.807346336522087,-5.297750336522087,-5.297750336522087
121,102.101,27.881999999999998,14.419148999999999,2.6412069305819523,11.777942069418046,11.777942069418046
122,102.16799999999999,27.909000000000002,5.787735,3.971798175333673,1.8159368246663266,1.8159368246663266
123,102.22,27.901999999999997,45.576398,4.182587879192516,41.39381012080748,41.39381012080748
124,102.25200000000001,27.865,-7.029775,3.5095512566523124,-10.539326256652313,-10.539326256652313
125,102.324,27.88,24.140232,4.330907777813607,19.809324222186394,19.809324222186394
126,102.361,27.889,20.155151,4.835429733709503,15.319721266290497,15.319721266290497
127,102.38,27.878,32.112421000000005,4.712616103516961,27.399804896483044,27.399804896483044
128,102.421,27.864,35.287023,4.748409557059693,30.538613442940303,30.538613442940303
129,102.714,27.022,-43.58327,-20.279668683877194,-23.303601316122805,-23.303601316122805
130,102.71600000000001,27.034000000000002,-7.697564999999999,-19.990425857394815,12.292860857394816,12.292860857394816
131,102.738,27.064,-46.279162,-19.13729466087803,-27.14186733912197,-27.14186733912197
0,102.26,28.735,8.715629,5.475687232628082,3.239941767371918,3.239941767371918
1,102.18,28.445999999999998,-16.480476,1.5412812070957482,-18.021757207095746,-18.021757207095746
2,102.178,28.256999999999998,15.855504000000002,-0.33220182045465946,16.18770582045466,16.18770582045466
3,102.186,28.144000000000002,-27.360349,-1.566674953151562,-25.793674046848437,-25.793674046848437
4,102.324,27.32,-35.076215000000005,-25.201614815305227,-9.874600184694778,-9.874600184694778
5,102.28399999999999,27.194000000000003,-42.304752,-27.086612388805047,-15.218139611194953,-15.218139611194953
6,102.25200000000001,27.105,-47.879661999999996,-28.067528606150763,-19.812133393849233,-19.812133393849233
7,102.245,26.651,-49.224647,-31.29922438918532,-17.925422610814678,-17.925422610814678
8,102.602,26.658,-37.529447,-28.326581563231183,-9.202865436768814,-9.202865436768814
9,102.626,26.704,-30.466192,-28.074133492144647,-2.392058507855353,-2.392058507855353
10,102.727,26.793000000000003,-35.216666,-26.793933137399726,-8.42273286260027,-8.42273286260027
11,102.51700000000001,27.441999999999997,-12.520958,-17.717156729157697,5.196198729157697,5.196198729157697
12,102.456,27.533,-25.825236999999998,-14.047749023807516,-11.777487976192482,-11.777487976192482
13,102.428,27.625,-19.745185,-10.777952814343845,-8.967232185656155,-8.967232185656155
14,101.834,30.041999999999998,7.910135,-4.095275851640321,12.00541085164032,12.00541085164032
15,101.77,30.069000000000003,-7.275239,-5.201512192644063,-2.0737268073559374,-2.0737268073559374
16,101.61,30.076,-4.430461,-6.429894305110983,1.9994333051109825,1.9994333051109825
17,101.54,30.034000000000002,-31.792764000000002,-6.408494203500824,-25.384269796499176,-25.384269796499176
18,102.361,29.239,11.426751,10.238424768941872,1.1883262310581273,1.1883262310581273
19,101.505,29.136999999999997,-21.721025,-0.8533258028084221,-20.86769919719158,-20.86769919719158
20,101.53,30.289,-16.247584,-7.024190013691081,-9.223393986308919,-9.223393986308919
21,101.179,30.941,18.540882999999997,5.792363115498121,12.748519884501876,12.748519884501876
22,100.729,31.337,45.892097,22.25257655255801,23.63952044744199,23.63952044744199
23,103.881,30.813000000000002,-16.239919,5.394715896966707,-21.63463489696671,-21.63463489696671
24,103.59100000000001,30.976999999999997,-1.9555939999999998,10.511426570979285,-12.467020570979285,-12.467020570979285
25,103.48,31.098000000000003,26.43505,14.754802930565905,11.680247069434095,11.680247069434095
26,103.475,31.326,-17.809051,16.50389891308353,-34.31294991308353,-34.31294991308353
27,103.56700000000001,31.46,13.6222,14.474038191511276,-0.8518381915112769,-0.8518381915112769
28,103.789,31.629,2.947118,9.756812678002689,-6.809694678002689,-6.809694678002689
29,104.09899999999999,31.779,-1.414601,-5.576226242416627,4.161625242416627,4.161625242416627
30,104.294,31.863000000000003,3.622447,-10.356147782163294,13.978594782163295,13.978594782163295
31,104.50299999999999,31.86,-34.938857,-18.704625697229176,-16.234231302770823,-16.234231302770823
32,104.685,31.679000000000002,-44.732158,-27.63618781236309,-17.095970187636908,-17.095970187636908
33,104.726,31.44,-36.243418,-24.227220263189363,-12.016197736810636,-12.016197736810636
34,104.443,31.283,-28.130029999999998,-14.172250704564549,-13.957779295435449,-13.957779295435449
35,104.198,30.883000000000003,-3.4991779999999997,-4.650989605550684,1.1518116055506846,1.1518116055506846
36,103.88600000000001,30.444000000000003,32.117487,4.4152550887704365,27.70223191122956,27.70223191122956
37,103.478,30.415,-1.9408919999999998,8.326970565876671,-10.267862565876671,-10.267862565876671
38,103.215,30.146,18.772410999999998,9.769290812675862,9.003120187324136,9.003120187324136
39,103.01100000000001,29.980999999999998,-5.133998,12.783397211846136,-17.917395211846134,-17.917395211846134
40,102.90799999999999,30.090999999999998,-4.403242,11.110900288511722,-15.51414228851172,-15.51414228851172
41,102.91799999999999,30.156999999999996,-9.345325,10.451732995686847,-19.79705799568685,-19.79705799568685
42,102.78299999999999,30.335,13.064,9.85294602479085,3.2110539752091505,3.2110539752091505
43,102.883,30.471999999999998,10.048387,9.863028284752243,0.18535871524775693,0.18535871524775693
44,102.758,30.663,-22.267985999999997,9.745276654391866,-32.013262654391866,-32.013262654391866
45,102.637,30.965999999999998,9.186045,13.049456119040391,-3.863411119040391,-3.863411119040391
46,102.406,31.019000000000002,15.40835,12.655664216568308,2.7526857834316925,2.7526857834316925
47,102.479,31.287,21.546845,17.550573574196243,3.9962714258037586,3.9962714258037586
48,102.48899999999999,31.485,34.953779,21.83923532787282,13.114543672127176,13.114543672127176
49,102.324,31.660999999999998,27.351165,22.844028236613084,4.507136763386917,4.507136763386917
50,102.288,31.865,25.744935,20.396109878038207,5.348825121961795,5.348825121961795
51,102.62899999999999,31.865,42.640307,25.90596394807807,16.73434305192193,16.73434305192193
52,102.78,31.663,66.34718199999999,29.46558127555734,36.88160072444265,36.88160072444265
53,102.90700000000001,31.531999999999996,-0.318368,26.793721529858434,-27.112089529858434,-27.112089529858434
54,103.09100000000001,31.4,62.175435,22.37424520105885,39.80118979894115,39.80118979894115
55,103.337,31.570999999999998,42.580065999999995,24.344323971102305,18.23574202889769,18.23574202889769
56,102.13,31.018,12.167672,10.375742051516163,1.791929948483837,1.791929948483837
57,101.87899999999999,30.883000000000003,16.149804999999997,2.109578188367683,14.040226811632314,14.040226811632314
58,101.745,30.721999999999998,6.552207,-0.8142007582386851,7.366407758238685,7.366407758238685
59,100.929,31.144000000000002,39.030174,18.373408467408684,20.65676553259132,20.65676553259132
60,100.693,31.522,34.258948,26.50589183108396,7.753056168916036,7.753056168916036
61,100.729,31.874000000000002,38.366793,25.812744569074816,12.554048430925185,12.554048430925185
62,100.929,31.939,20.782713,22.145338213878915,-1.362625213878914,-1.362625213878914
63,101.11,31.896,44.176561,24.1315395630967,20.0450214369033,20.0450214369033
64,101.31200000000001,31.778000000000002,69.975003,26.17618971041754,43.79881328958246,43.79881328958246
65,101.553,31.795,28.619642,19.473677644506548,9.14596435549345,9.14596435549345
66,101.90700000000001,31.818,-6.5921330000000005,16.81093274315014,-23.40306574315014,-23.40306574315014
67,102.772,30.052,33.65054,11.730376367139106,21.92016363286089,21.92016363286089
68,102.45299999999999,30.005,25.544911,10.062888862274553,15.482022137725446,15.482022137725446
69,102.15799999999999,30.053,49.770434,6.198286765962493,43.57214723403751,43.57214723403751
70,101.956,30.026999999999997,14.047948000000002,-0.6207388534926653,14.668686853492668,14.668686853492668
71,101.484,30.116,-48.661884,-7.2638524325928735,-41.39803156740713,-41.39803156740713
72,101.53399999999999,30.441,-4.222718,-5.501392382891286,1.2786743828912854,1.2786743828912854
73,102.198,29.655,15.05018,8.133372904398367,6.916807095601632,6.916807095601632
74,102.277,29.320999999999998,2.92512,8.641815065491597,-5.716695065491598,-5.716695065491598
75,102.338,29.136999999999997,23.394617,9.505928350532105,13.888688649467895,13.888688649467895
76,102.126,28.514,-16.441589,2.1315906457773046,-18.573179645777305,-18.573179645777305
77,101.92299999999999,28.325,20.005474,-1.0406107870051353,21.046084787005135,21.046084787005135
78,101.943,28.6,-18.344737,1.4963541317187388,-19.841091131718738,-19.841091131718738
79,101.678,28.615,23.91975,0.37415593049963247,23.545594069500368,23.545594069500368
80,101.675,28.761,4.9259580000000005,0.7465187216749376,4.179439278325063,4.179439278325063
81,101.493,29.342,26.647713,-1.4259774652672463,28.073690465267244,28.073690465267244
82,101.368,29.623,26.4141,-4.359231698904429,30.77333169890443,30.77333169890443
83,101.55799999999999,29.846,-12.431336,-4.670934005464974,-7.760401994535026,-7.760401994535026
84,103.17,29.910999999999998,3.85269,13.132960552606097,-9.280270552606098,-9.280270552606098
85,103.43,29.888,-3.368645,11.257181336733245,-14.625826336733244,-14.625826336733244
86,103.57700000000001,29.778000000000002,-11.442950999999999,8.82389886540642,-20.26684986540642,-20.26684986540642
87,103.454,29.572,23.326327,13.900325469607779,9.42600153039222,9.42600153039222
88,103.31700000000001,29.406999999999996,44.67257,21.45301144137997,23.21955855862003,23.21955855862003
89,103.177,29.223000000000003,31.536492,24.46674397310162,7.0697480268983774,7.0697480268983774
90,102.916,29.278000000000002,58.02101,23.575809480193605,34.44520051980639,34.44520051980639
91,103.079,29.018,53.829841,25.334604224353914,28.495236775646088,28.495236775646088
92,103.04299999999999,28.846999999999998,46.642117,25.42014648750043,21.22197051249957,21.22197051249957
93,103.12700000000001,28.601999999999997,75.37943800000001,24.37977918272268,50.99965881727733,50.99965881727733
94,103.12899999999999,28.33,26.142870000000002,18.072785612509264,8.070084387490738,8.070084387490738
95,103.001,28.178,10.836160000000001,15.18501510019614,-4.348855100196138,-4.348855100196138
96,102.837,28.015,52.455124,8.508531795720184,43.94659220427981,43.94659220427981
97,102.601,27.893,20.452132000000002,0.18550488415463406,20.266627115845367,20.266627115845367
98,102.179,28.000999999999998,-52.599786,-5.302433047700097,-47.2973529522999,-47.2973529522999
99,102.20100000000001,27.57,-42.748446,-15.205086185283655,-27.543359814716347,-27.543359814716347
100,102.18799999999999,27.427,-39.611647999999995,-22.506233330025157,-17.105414669974838,-17.105414669974838
101,101.59100000000001,26.596,-9.783271000000001,-20.302245272209262,10.518974272209261,10.518974272209261
102,101.569,26.718000000000004,-14.682726999999998,-20.191378542379212,5.508651542379214,5.508651542379214
103,101.443,26.958000000000002,-30.034421999999996,-17.01243253258547,-13.021989467414524,-13.021989467414524
104,101.3,27.11,-20.503989,-14.305476945291556,-6.198512054708445,-6.198512054708445
105,101.321,27.308000000000003,10.52186,-13.639595564975274,24.161455564975274,24.161455564975274
106,101.514,27.42,-38.161164,-15.118225985116464,-23.042938014883536,-23.042938014883536
107,101.80799999999999,27.615,-3.470139,-12.139241333615225,8.669102333615225,8.669102333615225
108,101.961,27.719,-10.229532,-11.0215177993988,0.7919857993988,0.7919857993988
109,102.596,27.261999999999997,-30.495375,-21.0102578971721,-9.4851171028279,-9.4851171028279
110,101.404,30.623,-36.546186,-1.4489813787909955,-35.097204621209,-35.097204621209
111,101.551,30.355999999999998,-11.978987,-6.527958154724339,-5.451028845275661,-5.451028845275661
112,102.17399999999999,29.467,-30.776462,7.3816547199754154,-38.15811671997541,-38.15811671997541
113,102.226,29.796,25.006708,8.358698512889784,16.648009487110215,16.648009487110215
114,102.17299999999999,30.116999999999997,5.986554,6.225067757209283,-0.23851375720928303,-0.23851375720928303
115,104.065,30.639,5.152593,-0.7952088344816206,5.947801834481621,5.947801834481621
116,103.757,30.91,57.695677,7.791523933779083,49.90415306622092,49.90415306622092
117,102.21700000000001,28.57,1.247226,3.729779983587708,-2.482553983587708,-2.482553983587708
118,102.20299999999999,28.549,-33.26135,3.315139267757286,-36.57648926775729,-36.57648926775729
119,102.316,27.781,-12.783532000000001,-9.520067433785742,-3.2634645662142585,-3.2634645662142585
120,102.34100000000001,27.741,-31.509597999999997,-9.8650429779189,-21.644555022081096,-21.644555022081096
121,100.75,31.296999999999997,39.664303000000004,21.770508576674697,17.893794423325307,17.893794423325307
122,101.5,30.537,-0.0232,-3.3768260494309557,3.3536260494309555,3.3536260494309555
123,102.296,29.268,-6.7159759999999995,8.920087847492212,-15.636063847492212,-15.636063847492212
124,102.228,27.910999999999998,1.747379,-7.8340222066791,9.5814012066791,9.5814012066791
125,102.27799999999999,28.808000000000003,-12.576492,6.0662444756577205,-18.64273647565772,-18.64273647565772
126,102.101,27.881999999999998,-28.080924,-8.916690656277522,-19.16423334372248,-19.16423334372248
127,102.16799999999999,27.909000000000002,-21.036428,-8.178367982376422,-12.858060017623579,-12.858060017623579
128,102.22,27.901999999999997,23.545382,-8.099077200773262,31.644459200773262,31.644459200773262
129,102.25200000000001,27.865,-23.36259,-8.671990125567577,-14.690599874432424,-14.690599874432424
130,102.324,27.88,19.588667,-7.671132428048036,27.259799428048037,27.259799428048037
131,102.361,27.889,8.543645,-6.924874339913094,15.468519339913094,15.468519339913094
132,102.38,27.878,13.712126999999999,-6.824605568961526,20.536732568961526,20.536732568961526
133,102.421,27.864,27.35309,-6.19262764517646,33.54571764517646,33.54571764517646
134,102.714,27.022,-16.955718,-23.32847184926813,6.372753849268129,6.372753849268129
135,102.71600000000001,27.034000000000002,-47.937038,-23.00772311689046,-24.92931488310954,-24.92931488310954
136,102.738,27.064,-26.481531,-22.048522579240213,-4.433008420759787,-4.433008420759787
0,102.26,28.735,25.260331,-2.990017613649433,28.250348613649432,28.250348613649432
1,102.18,28.445999999999998,-19.626142,-8.603306914409078,-11.022835085590923,-11.022835085590923
2,102.178,28.256999999999998,14.344819000000001,-11.042116589099319,25.38693558909932,25.38693558909932
3,102.186,28.144000000000002,-16.900748,-12.261876670134551,-4.638871329865449,-4.638871329865449
4,102.324,27.32,-30.199784,-29.778513324572767,-0.42127067542723395,-0.42127067542723395
5,102.25200000000001,27.105,-30.052931,-31.684286317008386,1.631355317008385,1.631355317008385
6,102.245,26.651,-49.110345,-34.39102766703776,-14.719317332962241,-14.719317332962241
7,102.602,26.658,-49.063495,-31.5527003318765,-17.510794668123502,-17.510794668123502
8,102.626,26.704,-43.868266,-31.41242331062315,-12.455842689376848,-12.455842689376848
9,102.727,26.793000000000003,-28.997835,-30.414896278527095,1.4170612785270968,1.4170612785270968
10,102.51700000000001,27.441999999999997,-36.290051,-25.921642272215,-10.368408727784999,-10.368408727784999
11,102.456,27.533,-37.416686999999996,-23.53433827627861,-13.882348723721385,-13.882348723721385
12,102.428,27.625,-16.049032999999998,-21.433625843785176,5.384592843785178,5.384592843785178
13,101.834,30.041999999999998,-11.701016000000001,-8.71353431806336,-2.987481681936641,-2.987481681936641
14,101.77,30.069000000000003,-20.115404,-9.795612375560435,-10.319791624439567,-10.319791624439567
15,101.61,30.076,-18.857976999999998,-11.871686833982608,-6.98629016601739,-6.98629016601739
16,101.54,30.034000000000002,-36.853734,-13.355736773317691,-23.497997226682312,-23.497997226682312
17,102.361,29.239,1.241005,4.456528347121709,-3.215523347121709,-3.215523347121709
18,101.505,29.136999999999997,-43.632057,-15.608591445598574,-28.02346555440143,-28.02346555440143
19,101.53,30.289,-20.410213,-9.94694837254623,-10.46326462745377,-10.46326462745377
20,101.179,30.941,62.49786700000001,12.210943255332946,50.286923744667064,50.286923744667064
21,103.881,30.813000000000002,-18.892842,4.587406003994713,-23.480248003994713,-23.480248003994713
22,103.59100000000001,30.976999999999997,0.747885,11.055799548253855,-10.307914548253855,-10.307914548253855
23,103.48,31.098000000000003,49.048229,15.544275093762202,33.5039539062378,33.5039539062378
24,103.475,31.326,-3.589169,16.96020123183258,-20.549370231832583,-20.549370231832583
25,103.56700000000001,31.46,29.875448,14.97576501215963,14.899682987840368,14.899682987840368
26,103.789,31.629,22.620410999999997,10.7781797743008,11.842231225699198,11.842231225699198
27,104.09899999999999,31.779,-2.768166,-5.367780855271321,2.599614855271321,2.599614855271321
28,104.294,31.863000000000003,-1.143619,-10.554947200433272,9.411328200433273,9.411328200433273
29,104.50299999999999,31.86,-44.392727,-19.84185200505274,-24.55087499494726,-24.55087499494726
30,104.685,31.679000000000002,-40.539609999999996,-29.76979289768127,-10.769817102318726,-10.769817102318726
31,104.726,31.44,-37.858841999999996,-26.313231293299324,-11.545610706700671,-11.545610706700671
32,104.443,31.283,-24.653166,-15.505288014661001,-9.147877985338997,-9.147877985338997
33,104.198,30.883000000000003,-19.222012,-6.466673663558701,-12.755338336441298,-12.755338336441298
34,103.88600000000001,30.444000000000003,29.590013,2.8527534498957086,26.73725955010429,26.73725955010429
35,103.478,30.415,-4.166322,9.162974789607595,-13.329296789607596,-13.329296789607596
36,103.215,30.146,36.672290000000004,11.427062925016173,25.24522707498383,25.24522707498383
37,103.01100000000001,29.980999999999998,20.912772,13.620630834632511,7.2921411653674895,7.2921411653674895
38,102.90799999999999,30.090999999999998,7.957253999999999,17.682303610394364,-9.725049610394365,-9.725049610394365
39,102.91799999999999,30.156999999999996,6.760057000000001,17.93723398175412,-11.177176981754119,-11.177176981754119
40,102.78299999999999,30.335,39.80578,20.18854740788038,19.617232592119617,19.617232592119617
41,102.883,30.471999999999998,22.759917,19.823478445055947,2.936438554944054,2.936438554944054
42,102.758,30.663,-0.43316899999999997,21.565108905447303,-21.998277905447303,-21.998277905447303
43,102.637,30.965999999999998,14.662394,25.4451274965892,-10.7827334965892,-10.7827334965892
44,102.406,31.019000000000002,34.967848,27.465440646891913,7.502407353108083,7.502407353108083
45,102.479,31.287,46.018289,32.025481831262134,13.992807168737869,13.992807168737869
46,102.48899999999999,31.485,70.890813,35.707990136751945,35.18282286324805,35.18282286324805
47,102.324,31.660999999999998,48.390522,40.197996080976694,8.192525919023304,8.192525919023304
48,102.288,31.865,56.138491,35.92924734620601,20.20924365379399,20.20924365379399
49,102.90700000000001,31.531999999999996,36.656307,32.403775927613,4.252531072387001,4.252531072387001
50,102.13,31.018,11.950576,25.6268019546034,-13.676225954603401,-13.676225954603401
51,101.87899999999999,30.883000000000003,60.138631999999994,13.415974488264391,46.722657511735605,46.722657511735605
52,101.745,30.721999999999998,12.604239,8.267231223973468,4.337007776026532,4.337007776026532
53,100.693,31.522,55.208681000000006,34.17771558861975,21.030965411380258,21.030965411380258
54,100.929,31.939,55.208681000000006,29.106475350319304,26.102205649680702,26.102205649680702
55,101.553,31.795,38.053403,32.65466835616141,5.398734643838594,5.398734643838594
56,101.90700000000001,31.818,22.727825,32.73351285700872,-10.00568785700872,-10.00568785700872
57,102.772,30.052,60.740165000000005,18.703385637878085,42.03677936212192,42.03677936212192
58,102.45299999999999,30.005,52.12666,14.312740657866632,37.81391934213337,37.81391934213337
59,102.15799999999999,30.053,32.210988,8.93356730513592,23.27742069486408,23.27742069486408
60,101.956,30.026999999999997,-15.942287,-3.26641828914272,-12.67586871085728,-12.67586871085728
61,101.484,30.116,-51.64913,-12.697799796867756,-38.951330203132244,-38.951330203132244
62,101.53399999999999,30.441,-3.2384180000000002,-5.358879983762406,2.1204619837624055,2.1204619837624055
63,102.198,29.655,-1.260835,6.404922218200211,-7.665757218200211,-7.665757218200211
64,102.277,29.320999999999998,-19.912357,3.5791158024004526,-23.49147280240045,-23.49147280240045
65,102.338,29.136999999999997,18.169321,3.284764605691207,14.884556394308794,14.884556394308794
66,102.126,28.514,-26.535486,-7.50043019376687,-19.035055806233128,-19.035055806233128
67,101.92299999999999,28.325,-5.585523,-12.178855973331327,6.593332973331327,6.593332973331327
68,101.943,28.6,-32.721862,-9.878200943968936,-22.843661056031067,-22.843661056031067
69,101.678,28.615,17.959870000000002,-12.217975284270684,30.17784528427069,30.17784528427069
70,101.675,28.761,-24.787632000000002,-12.195695146429903,-12.591936853570099,-12.591936853570099
71,101.493,29.342,-27.2643,-16.259786002035696,-11.004513997964303,-11.004513997964303
72,101.368,29.623,-15.000907999999999,-18.16952302572984,3.168615025729842,3.168615025729842
73,101.55799999999999,29.846,-33.244505,-15.828652607312929,-17.415852392687068,-17.415852392687068
74,103.17,29.910999999999998,0.480264,9.02859604177236,-8.54833204177236,-8.54833204177236
75,103.43,29.888,-22.437925,5.512068301546579,-27.949993301546577,-27.949993301546577
76,103.57700000000001,29.778000000000002,-21.139543,1.9989436194416457,-23.138486619441647,-23.138486619441647
77,103.454,29.572,-9.377739,4.286315650227884,-13.664054650227884,-13.664054650227884
78,103.31700000000001,29.406999999999996,16.112149,6.277783194532932,9.834365805467066,9.834365805467066
79,103.177,29.223000000000003,-11.352238999999999,7.111248295556418,-18.46348729555642,-18.46348729555642
80,102.916,29.278000000000002,24.828530999999998,11.198732869723743,13.629798130276255,13.629798130276255
81,102.632,29.349,16.513231,11.585956589863102,4.927274410136899,4.927274410136899
82,103.079,29.018,13.860873000000002,6.831678376435923,7.029194623564079,7.029194623564079
83,103.04299999999999,28.846999999999998,1.739237,5.419482207540852,-3.6802452075408523,-3.6802452075408523
84,103.12700000000001,28.601999999999997,21.009458,2.9896235024468614,18.019834497553138,18.019834497553138
85,103.12899999999999,28.33,-33.627883000000004,-2.7231488334589593,-30.904734166541044,-30.904734166541044
86,103.001,28.178,-29.933725,-5.14192826410479,-24.79179673589521,-24.79179673589521
87,102.837,28.015,-0.3423,-10.176756284464886,9.834456284464887,9.834456284464887
88,102.601,27.893,-28.562640000000002,-15.69433126012132,-12.868308739878682,-12.868308739878682
89,102.179,28.000999999999998,-40.131423999999996,-15.73626528837642,-24.395158711623576,-24.395158711623576
90,102.20100000000001,27.57,-21.728276,-23.476757876301285,1.748481876301284,1.748481876301284
91,102.18799999999999,27.427,-28.503991999999997,-27.998891809404675,-0.5051001905953214,-0.5051001905953214
92,101.59100000000001,26.596,-39.525677,-27.258544507421334,-12.267132492578668,-12.267132492578668
93,101.569,26.718000000000004,-52.372616,-27.230151769196297,-25.142464230803704,-25.142464230803704
94,101.3,27.11,-34.812186,-19.58426140758484,-15.227924592415157,-15.227924592415157
95,101.321,27.308000000000003,-21.820754,-19.087344336946142,-2.733409663053859,-2.733409663053859
96,101.514,27.42,-35.862034,-21.666338094511044,-14.195695905488957,-14.195695905488957
97,101.80799999999999,27.615,-24.140617000000002,-20.76376829760065,-3.3768487023993536,-3.3768487023993536
98,101.961,27.719,-20.682819,-20.23346988283153,-0.44934911716847026,-0.44934911716847026
99,102.596,27.261999999999997,-56.438285,-27.89599194578984,-28.54229305421016,-28.54229305421016
100,101.404,30.623,-22.023533999999998,3.387191655088112,-25.41072565508811,-25.41072565508811
101,101.551,30.355999999999998,-16.748177,-8.33258896968606,-8.415588030313938,-8.415588030313938
102,102.17399999999999,29.467,26.467581,3.159119831786145,23.308461168213853,23.308461168213853
103,102.226,29.796,25.495344,7.931401977970874,17.563942022029124,17.563942022029124
104,102.17299999999999,30.116999999999997,0.0299,10.120699730432285,-10.090799730432286,-10.090799730432286
105,104.065,30.639,-12.118892,-2.563123354133499,-9.555768645866502,-9.555768645866502
106,103.757,30.91,44.937996000000005,7.564522907751604,37.3734730922484,37.3734730922484
107,102.21700000000001,28.57,8.078394,-5.3574591153001885,13.435853115300187,13.435853115300187
108,102.20299999999999,28.549,-16.154244,-5.919646315828234,-10.234597684171764,-10.234597684171764
109,102.316,27.781,-29.672748,-20.006818837795326,-9.665929162204673,-9.665929162204673
110,102.34100000000001,27.741,-9.491458999999999,-20.371409684274635,10.879950684274636,10.879950684274636
111,101.5,30.537,6.301672,0.069385802884808,6.232286197115192,6.232286197115192
112,102.296,29.268,1.923776,3.5442169839746422,-1.6204409839746423,-1.6204409839746423
113,102.228,27.910999999999998,11.225379,-18.226765683104073,29.452144683104073,29.452144683104073
114,102.27799999999999,28.808000000000003,-13.306985000000001,-2.240666479708965,-11.066318520291036,-11.066318520291036
115,102.101,27.881999999999998,-9.85322,-18.862464796046275,9.009244796046275,9.009244796046275
116,102.16799999999999,27.909000000000002,-16.828982999999997,-18.355167565942327,1.52618456594233,1.52618456594233
117,102.22,27.901999999999997,1.89887,-18.435397055992087,20.334267055992086,20.334267055992086
118,102.25200000000001,27.865,-47.473957,-19.052513404309423,-28.421443595690576,-28.421443595690576
119,102.324,27.88,-8.604106,-18.561736498105013,9.957630498105013,9.957630498105013
120,102.361,27.889,-38.047916,-18.20465807017744,-19.84325792982256,-19.84325792982256
121,102.38,27.878,-21.412794,-18.295687909107144,-3.1171060908928574,-3.1171060908928574
122,102.421,27.864,-6.8427229999999994,-18.226066585239643,11.383343585239643,11.383343585239643
